Game,Total,Twitch_Year,Unnamed: 0,Year,Genre,Global_Sales
7 Days to Die,149457827.025696,2016,6770,2016.0,Action,0.16
7 Days to Die,157815966.232176,2017,6770,2016.0,Action,0.16
7 Days to Die,104328705.778752,2018,6770,2016.0,Action,0.16
7 Days to Die,287697860.869755,2019,6770,2016.0,Action,0.16
7 Days to Die,403155253.93248,2020,6770,2016.0,Action,0.16
7 Days to Die,415203439.138446,2021,6770,2016.0,Action,0.16
APB Reloaded,1746921.9072059998,2016,9520,2011.0,Role-Playing,0.04
Alien: Isolation,4662774.169136999,2016,1428,2014.0,Shooter,2.45
Alien: Isolation,5187696.622038,2017,1428,2014.0,Shooter,2.45
Alien: Isolation,1916759.017656,2018,1428,2014.0,Shooter,2.45
Alien: Isolation,7451191.893599999,2019,1428,2014.0,Shooter,2.45
Alien: Isolation,71964795.20897101,2020,1428,2014.0,Shooter,2.45
Alien: Isolation,40385367.739878,2021,1428,2014.0,Shooter,2.45
Animal Crossing: New Leaf,301575.932322,2016,64,2012.0,Simulation,9.09
Ape Escape,584559.984729,2016,926,1999.0,Platform,1.68
Ape Escape,1906516.8728970003,2017,926,1999.0,Platform,1.68
Banjo-Kazooie,1232740.215,2016,296,1998.0,Platform,3.66
Banjo-Kazooie,3627206.67078,2017,296,1998.0,Platform,3.66
Banjo-Kazooie,5016787.982535,2019,296,1998.0,Platform,3.66
Battleborn,36213760.43762399,2016,5005,2016.0,Shooter,0.42
Battlefield 4,102968434.555077,2016,291,2013.0,Shooter,14.03
Battlefield 4,1118788.999356,2017,291,2013.0,Shooter,14.03
Battlefield 4,3346297.750782,2018,291,2013.0,Shooter,14.03
Battlefield 4,156028575.670863,2021,291,2013.0,Shooter,14.03
Battlefield: Bad Company 2,343933.053282,2016,326,2010.0,Shooter,7.16
Beyond: Two Souls,1658888.406,2016,801,2013.0,Adventure,1.79
Beyond: Two Souls,993720.569247,2017,801,2013.0,Adventure,1.79
BioShock,758696.947932,2016,443,2007.0,Shooter,4.69
BioShock,3005299.491348,2018,443,2007.0,Shooter,4.69
Blast Corps,676803.0023999999,2016,2155,1997.0,Action,0.71
Bloodborne,147626056.20800102,2016,568,2015.0,Action,2.38
Bloodborne,109469524.096863,2017,568,2015.0,Action,2.38
Bloodborne,268102680.401955,2018,568,2015.0,Action,2.38
Bloodborne,105771704.729187,2019,568,2015.0,Action,2.38
Bloodborne,237156393.795594,2020,568,2015.0,Action,2.38
Bloodborne,182341325.681109,2021,568,2015.0,Action,2.38
Borderlands 2,10199087.263701,2016,390,2012.0,Shooter,7.109999999999999
Borderlands 2,105509079.93381,2017,390,2012.0,Shooter,7.109999999999999
Borderlands 2,61165070.955828,2018,390,2012.0,Shooter,7.109999999999999
Borderlands 2,292088974.501401,2019,390,2012.0,Shooter,7.109999999999999
Borderlands: The Handsome Collection,363357.957417,2016,1879,2015.0,Shooter,1.25
Bully: Scholarship Edition,768599.306496,2016,1507,2008.0,Action,1.62
Bully: Scholarship Edition,3088872.685647,2018,1507,2008.0,Action,1.62
Call of Duty 4: Modern Warfare,4996731.181743,2016,61,2007.0,Shooter,18.25
Call of Duty: Black Ops,3002281.237368,2016,30,2010.0,Shooter,31.03
Call of Duty: Black Ops,726809.2002990001,2017,30,2010.0,Shooter,31.03
Call of Duty: Black Ops II,15840120.744525002,2016,33,2012.0,Shooter,29.72
Call of Duty: Black Ops II,35391082.514067,2017,33,2012.0,Shooter,29.72
Call of Duty: Black Ops II,8252293.2754919985,2020,33,2012.0,Shooter,29.72
Call of Duty: Modern Warfare 2,3643109.610966,2016,34,2009.0,Shooter,25.09
Call of Duty: Modern Warfare 2,2757615.447447,2018,34,2009.0,Shooter,25.09
Call of Duty: Modern Warfare 2,7340869.380033,2020,34,2009.0,Shooter,25.09
Call of Duty: Modern Warfare 3,230400.74694000004,2016,28,2011.0,Shooter,30.83
Castlevania,643984.623828,2016,1289,1986.0,Platform,1.87
Castlevania: Symphony of the Night,961369.24884,2016,1233,1997.0,Platform,1.27
Chess,23530670.776851,2016,7408,2001.0,Strategy,0.09
Chess,28027865.343156,2017,7408,2001.0,Strategy,0.09
Chess,665434921.602948,2018,7408,2001.0,Strategy,0.09
Chess,836069619.845292,2019,7408,2001.0,Strategy,0.09
Chess,13010179729.157017,2020,7408,2001.0,Strategy,0.09
Chess,39425806856.31962,2021,7408,2001.0,Strategy,0.09
Cities: Skylines,11354639.978073,2016,6354,2015.0,Simulation,0.14
Cities: Skylines,21079408.944237,2017,6354,2015.0,Simulation,0.14
Cities: Skylines,28500322.031853,2018,6354,2015.0,Simulation,0.14
Cities: Skylines,11740939.094472,2019,6354,2015.0,Simulation,0.14
Cities: Skylines,13185632.402292,2020,6354,2015.0,Simulation,0.14
Company of Heroes 2,2677418.871561,2016,3690,2013.0,Strategy,0.36
Company of Heroes 2,384145.854456,2017,3690,2013.0,Strategy,0.36
Company of Heroes 2,2272142.353152,2018,3690,2013.0,Strategy,0.36
Condemned: Criminal Origins,517194.48942,2016,3312,2005.0,Action,0.42
Crash Bandicoot,3392951.9330280004,2016,105,1996.0,Platform,6.82
DC Universe Online,1843528.366302,2016,2798,2011.0,Role-Playing,0.76
Danganronpa 2: Goodbye Despair,1401552.005427,2016,4524,2014.0,Misc,0.45
Danganronpa 2: Goodbye Despair,4624542.694464,2019,4524,2014.0,Misc,0.45
Danganronpa 2: Goodbye Despair,9947915.210814,2020,4524,2014.0,Misc,0.45
Danganronpa: Trigger Happy Havoc,790387.983882,2016,3344,2013.0,Misc,0.6499999999999999
Danganronpa: Trigger Happy Havoc,2592450.448434,2019,3344,2013.0,Misc,0.6499999999999999
Danganronpa: Trigger Happy Havoc,17831092.789125,2020,3344,2013.0,Misc,0.6499999999999999
Dark Souls,258054688.828167,2016,681,2011.0,Role-Playing,3.14
Dark Souls,102561498.060063,2017,681,2011.0,Role-Playing,3.14
Dark Souls,1724145272.147634,2018,681,2011.0,Role-Playing,3.14
Dark Souls,400011717.49413,2019,681,2011.0,Role-Playing,3.14
Dark Souls,488118270.729138,2020,681,2011.0,Role-Playing,3.14
Dark Souls,522450554.115588,2021,681,2011.0,Role-Playing,3.14
Dark Souls II,9638756.70786,2016,1182,2014.0,Role-Playing,3.07
Dark Souls II,12724314.881292,2017,1182,2014.0,Role-Playing,3.07
Dark Souls II,28580991.990075,2018,1182,2014.0,Role-Playing,3.07
Dark Souls II,8688478.493625,2019,1182,2014.0,Role-Playing,3.07
Dark Souls II,27468993.021288,2020,1182,2014.0,Role-Playing,3.07
Dark Souls II,120748579.286412,2021,1182,2014.0,Role-Playing,3.07
Dark Souls III,9530658283.48158,2016,973,2016.0,Role-Playing,1.96
Dark Souls III,1005581460.785349,2017,973,2016.0,Role-Playing,1.96
Dark Souls III,601208897.110437,2018,973,2016.0,Role-Playing,1.96
Dark Souls III,555865481.881143,2019,973,2016.0,Role-Playing,1.96
Dark Souls III,1802014764.468576,2020,973,2016.0,Role-Playing,1.96
Dark Souls III,1719681508.552854,2021,973,2016.0,Role-Playing,1.96
Darksiders II,1240896.581925,2016,1839,2012.0,Action,2.26
Dead Rising,1543587.050817,2016,665,2006.0,Action,2.11
Dead Rising 2,1300830.482385,2016,1032,2010.0,Action,3.02
Dead Space,2534340.0067650005,2016,701,2008.0,Action,4.03
Dead Space,940631.314329,2017,701,2008.0,Action,4.03
Dead Space 2,1365268.753926,2016,1005,2011.0,Shooter,3.29
Dead Space 2,3147832.900338,2019,1005,2011.0,Shooter,3.29
Dead Space 2,2774897.9874,2020,1005,2011.0,Shooter,3.29
Dead Space 3,729255.708216,2016,1623,2013.0,Action,2.19
Demon's Souls,3602015.731335,2016,779,2009.0,Role-Playing,1.84
Demon's Souls,626782.59483,2017,779,2009.0,Role-Playing,1.84
Demon's Souls,2411751.613719,2018,779,2009.0,Role-Playing,1.84
Demon's Souls,11987800275.439842,2020,779,2009.0,Role-Playing,1.84
Demon's Souls,133543793.139792,2021,779,2009.0,Role-Playing,1.84
Destiny,11329174691.248323,2016,140,2014.0,Shooter,12.61
Destiny,5668534712.308419,2017,140,2014.0,Shooter,12.61
Deus Ex,3066571.308822,2016,11182,2000.0,Role-Playing,0.01
Deus Ex: Mankind Divided,132872301.49477202,2016,3865,2016.0,Role-Playing,0.5
DiRT Rally,276099.553548,2016,3951,2016.0,Racing,0.46
Diablo,1537459.780752,2016,950,1996.0,Role-Playing,2.17
Diablo,1394935.093125,2018,950,1996.0,Role-Playing,2.17
Diablo II: Lord of Destruction,47692931.922111005,2016,1534,2001.0,Role-Playing,1.06
Diablo II: Lord of Destruction,45001642.803012,2017,1534,2001.0,Role-Playing,1.06
Diablo II: Lord of Destruction,59886717.050307,2018,1534,2001.0,Role-Playing,1.06
Diablo II: Lord of Destruction,117059229.434637,2019,1534,2001.0,Role-Playing,1.06
Diablo II: Lord of Destruction,185378443.606545,2020,1534,2001.0,Role-Playing,1.06
Diablo III,1365120607.93353,2016,161,2012.0,Role-Playing,11.08
Diablo III,720855107.452998,2017,161,2012.0,Role-Playing,11.08
Diablo III,593091960.9184921,2018,161,2012.0,Role-Playing,11.08
Diablo III,848910668.1831931,2019,161,2012.0,Role-Playing,11.08
Diablo III,461169086.508627,2020,161,2012.0,Role-Playing,11.08
Diablo III,728524022.5278751,2021,161,2012.0,Role-Playing,11.08
Dishonored,5924453.743319999,2016,848,2012.0,Action,4.3
Divinity: Original Sin,2322231.790389,2016,4411,2015.0,Role-Playing,0.36
Divinity: Original Sin,2593189.225158,2017,4411,2015.0,Role-Playing,0.36
Donkey Kong 64,715478.809227,2016,156,1999.0,Platform,5.27
Donkey Kong 64,3048706.3616100005,2017,156,1999.0,Platform,5.27
Donkey Kong 64,5651379.50916,2019,156,1999.0,Platform,5.27
Donkey Kong Country,1255706.41833,2016,62,1994.0,Platform,13.53
Donkey Kong Country,2300008.180365,2018,62,1994.0,Platform,13.53
Donkey Kong Country 2: Diddy's Kong Quest,2118722.270175,2016,165,1995.0,Platform,5.15
Donkey Kong Country: Tropical Freeze,2438765.538825,2016,1004,2014.0,Platform,1.52
Donkey Kong Country: Tropical Freeze,4681668.426434999,2018,1004,2014.0,Platform,1.52
Dying Light,64850805.984006,2016,898,2015.0,Action,2.65
Dying Light,10045556.310594,2017,898,2015.0,Action,2.65
Dying Light,10876400.91531,2018,898,2015.0,Action,2.65
Dying Light,4730608.331253001,2019,898,2015.0,Action,2.65
Dying Light,9000012.093408,2020,898,2015.0,Action,2.65
Dying Light,16417484.67429,2021,898,2015.0,Action,2.65
EA Sports UFC 2,106543697.560608,2016,1790,2016.0,Sports,1.29
EVE Online,40233815.069469005,2016,5086,2003.0,Role-Playing,0.22
EVE Online,31532360.985594,2017,5086,2003.0,Role-Playing,0.22
EVE Online,24070487.882595003,2018,5086,2003.0,Role-Playing,0.22
EVE Online,2455062.8170950003,2019,5086,2003.0,Role-Playing,0.22
Euro Truck Simulator 2,44836366.3188,2016,6447,2012.0,Action,0.13
Euro Truck Simulator 2,52287289.080285,2017,6447,2012.0,Action,0.13
Euro Truck Simulator 2,92568623.513289,2018,6447,2012.0,Action,0.13
Euro Truck Simulator 2,118549440.497985,2019,6447,2012.0,Action,0.13
Euro Truck Simulator 2,204901444.433973,2020,6447,2012.0,Action,0.13
Euro Truck Simulator 2,461616294.4571641,2021,6447,2012.0,Action,0.13
Evolve,112872657.29859,2016,1688,2015.0,Shooter,1.75
FIFA 16,3032683836.886011,2016,68,2015.0,Sports,16.44
FIFA 17,4769582247.104934,2016,190,2016.0,Sports,6.909999999999999
FIFA 17,7503876013.118499,2017,190,2016.0,Sports,6.909999999999999
FIFA 17,6266747.069961,2018,190,2016.0,Sports,6.909999999999999
FIFA 17,4375669.94298,2020,190,2016.0,Sports,6.909999999999999
Fallout 4,214592875.808703,2016,98,2015.0,Role-Playing,12.28
Fallout 4,96506836.795887,2017,98,2015.0,Role-Playing,12.28
Fallout 4,114592489.548348,2018,98,2015.0,Role-Playing,12.28
Fallout 4,3512512.719891,2019,98,2015.0,Role-Playing,12.28
Fallout 4,35441251.673709,2020,98,2015.0,Role-Playing,12.28
Fallout: New Vegas,1062147.705192,2016,247,2010.0,Role-Playing,8.41
Fallout: New Vegas,4754322.505799999,2017,247,2010.0,Role-Playing,8.41
Fallout: New Vegas,16098881.124459,2018,247,2010.0,Role-Playing,8.41
Fallout: New Vegas,7905685.397526,2019,247,2010.0,Role-Playing,8.41
Far Cry 4,540792.983682,2016,253,2014.0,Shooter,8.68
Far Cry: Primal,108365478.127956,2016,651,2016.0,Action,3.12
Final Fantasy IV,6080121.714239999,2016,1251,2007.0,Simulation,1.57
Final Fantasy IV,773740.2897630001,2017,1251,2007.0,Simulation,1.57
Final Fantasy IV,3785073.939192,2018,1251,2007.0,Simulation,1.57
Final Fantasy IV,2271823.90512,2019,1251,2007.0,Simulation,1.57
Final Fantasy IX,2769348.345981,2016,154,2000.0,Role-Playing,5.3
Final Fantasy IX,524116.412862,2017,154,2000.0,Role-Playing,5.3
Final Fantasy IX,39938335.243716,2019,154,2000.0,Role-Playing,5.3
Final Fantasy Tactics: The War of the Lions,390246.108798,2016,1374,2007.0,Role-Playing,1.16
Final Fantasy V,320635.28044800006,2016,542,1992.0,Role-Playing,2.62
Final Fantasy V,571245.302208,2017,542,1992.0,Role-Playing,2.62
Final Fantasy VI,5310996.0033060005,2016,7810,1999.0,Role-Playing,0.08
Final Fantasy VI,16492104.971538,2018,7810,1999.0,Role-Playing,0.08
Final Fantasy VII,6822610.852785001,2016,58,1997.0,Role-Playing,9.72
Final Fantasy VII,30501283.175517,2017,58,1997.0,Role-Playing,9.72
Final Fantasy VII,10375563.870525,2018,58,1997.0,Role-Playing,9.72
Final Fantasy VII,57707186.314638,2019,58,1997.0,Role-Playing,9.72
Final Fantasy VII,40543141.95939,2020,58,1997.0,Role-Playing,9.72
Final Fantasy VII,27385201.272471003,2021,58,1997.0,Role-Playing,9.72
Final Fantasy X/X-2 HD Remaster,10116752.865681,2016,2147,2015.0,Role-Playing,0.71
Final Fantasy XII,621192.658506,2016,133,2006.0,Role-Playing,5.95
Final Fantasy XIV: Heavensward,43930217.397024,2016,6674,2015.0,Action,0.16
Final Fantasy XIV: Heavensward,34021950.101706,2017,6674,2015.0,Action,0.16
Fire Emblem: Path of Radiance,1177635.3158850002,2016,2719,2005.0,Action,0.54
Forza Horizon 3,16132240.022514,2016,3546,2016.0,Racing,0.38
Forza Horizon 3,2077740.490812,2017,3546,2016.0,Racing,0.38
Forza Motorsport 6,969449.36298,2016,838,2015.0,Racing,1.74
Game & Wario,332884.56883500004,2016,4831,2013.0,Misc,0.24
Gears of War: Ultimate Edition,8382531.360545999,2016,403,2015.0,Shooter,3.0
Ghostbusters,583265.7533849999,2016,3110,1985.0,Puzzle,0.45
Goat Simulator,200894.27836800003,2016,11372,2016.0,Simulation,0.01
Grand Theft Auto III,992458.494972,2016,35,2001.0,Action,13.11
Grand Theft Auto V,2471421888.729444,2016,16,2013.0,Action,55.92
Grand Theft Auto V,33689390405.06214,2017,16,2013.0,Action,55.92
Grand Theft Auto V,40377232716.9355,2018,16,2013.0,Action,55.92
Grand Theft Auto V,725687086530.4437,2019,16,2013.0,Action,55.92
Grand Theft Auto V,1325687666347.37,2020,16,2013.0,Action,55.92
Grand Theft Auto V,6275375844604.229,2021,16,2013.0,Action,55.92
Grand Theft Auto: San Andreas,5973453.246747,2016,17,2004.0,Action,23.86
Grand Theft Auto: San Andreas,15606135.01272,2017,17,2004.0,Action,23.86
Grand Theft Auto: San Andreas,36375180.013389,2018,17,2004.0,Action,23.86
Grand Theft Auto: San Andreas,40564497.864765,2019,17,2004.0,Action,23.86
Grand Theft Auto: San Andreas,161881867.981113,2020,17,2004.0,Action,23.86
Grand Theft Auto: San Andreas,33437804.484231003,2021,17,2004.0,Action,23.86
Guild Wars 2,26366311.606614,2016,592,2012.0,Action,2.3
Guild Wars 2,57377922.105021,2017,592,2012.0,Action,2.3
Guild Wars 2,54359873.999655,2018,592,2012.0,Action,2.3
Guild Wars 2,48235471.070913,2019,592,2012.0,Action,2.3
Guild Wars 2,198295935.62163,2020,592,2012.0,Action,2.3
Guild Wars 2,183214736.120199,2021,592,2012.0,Action,2.3
Guitar Hero III: Legends of Rock,248804.24226,2016,180,2007.0,Misc,16.400000000000002
Guitar Hero III: Legends of Rock,676169.260536,2017,180,2007.0,Misc,16.400000000000002
Guitar Hero III: Legends of Rock,4753735.7930580005,2018,180,2007.0,Misc,16.400000000000002
Half-Life 2,945361.494588,2016,571,2004.0,Shooter,2.98
Half-Life 2,1868772.375162,2017,571,2004.0,Shooter,2.98
Half-Life 2,4803922.3008,2020,571,2004.0,Shooter,2.98
Halo 4,1935109.711668,2016,57,2012.0,Shooter,9.76
Halo 5: Guardians,404280716.099295,2016,222,2015.0,Shooter,4.26
Halo 5: Guardians,157438048.34562,2017,222,2015.0,Shooter,4.26
Halo 5: Guardians,32779812.310539003,2018,222,2015.0,Shooter,4.26
Hearts of Iron IV,22305208.673328,2016,9850,2016.0,Strategy,0.03
Hearts of Iron IV,1381628.406501,2017,9850,2016.0,Strategy,0.03
Hearts of Iron IV,10989266.581482,2018,9850,2016.0,Strategy,0.03
Hearts of Iron IV,28041168.134343,2019,9850,2016.0,Strategy,0.03
Hearts of Iron IV,31545303.125553,2020,9850,2016.0,Strategy,0.03
Hearts of Iron IV,39124893.637851,2021,9850,2016.0,Strategy,0.03
Heavy Rain,23484614.205108,2016,385,2010.0,Adventure,3.12
Heavy Rain,632717.7583440001,2017,385,2010.0,Adventure,3.12
Hexen: Beyond Heretic,632132.338824,2016,7050,1997.0,Shooter,0.11
Hitman: Absolution,968114.537082,2016,628,2012.0,Action,4.2
Hitman: Blood Money,186700.315284,2016,2873,2006.0,Action,1.08
Homefront: The Revolution,2439691.816968,2016,4016,2016.0,Shooter,0.45
Illusion of Gaia,861942.777234,2016,6505,1993.0,Role-Playing,0.13
Jak and Daxter: The Precursor Legacy,616283.650878,2016,300,2001.0,Platform,3.64
Just Cause 3,988723.25979,2016,785,2015.0,Action,2.85
Killer Instinct,12211302.182919,2016,364,1995.0,Fighting,3.2
Killer Instinct,1625558.668524,2017,364,1995.0,Fighting,3.2
Kirby 64: The Crystal Shards,2108835.540672,2016,813,2000.0,Platform,1.77
Kirby: Nightmare in Dream Land,1171343.838168,2016,603,2002.0,Platform,2.27
L.A. Noire,9429167.072871,2016,359,2011.0,Adventure,5.95
L.A. Noire,14870430.668772,2017,359,2011.0,Adventure,5.95
LEGO The Lord of the Rings,433390.108032,2016,1257,2012.0,Action,4.43
Left 4 Dead 2,7286317.995705,2016,257,2009.0,Shooter,4.36
Left 4 Dead 2,4116288.311814,2017,257,2009.0,Shooter,4.36
Left 4 Dead 2,8056264.177143001,2018,257,2009.0,Shooter,4.36
Left 4 Dead 2,17623765.078268997,2019,257,2009.0,Shooter,4.36
Left 4 Dead 2,79743198.621912,2020,257,2009.0,Shooter,4.36
Left 4 Dead 2,33138625.712367,2021,257,2009.0,Shooter,4.36
Life is Strange,6703053.914046001,2016,3596,2016.0,Adventure,0.52
Life is Strange,4502091.745683,2017,3596,2016.0,Adventure,0.52
Life is Strange,1260756.954912,2018,3596,2016.0,Adventure,0.52
Life is Strange,58802233.90293,2021,3596,2016.0,Adventure,0.52
MLB 15: The Show,286570.488204,2016,1742,2015.0,Sports,1.35
Madden NFL 16,91654900.694931,2016,360,2015.0,Sports,7.42
Madden NFL 17,90422016.806121,2016,1293,2016.0,Sports,2.21
Madden NFL 17,77553545.31720601,2017,1293,2016.0,Sports,2.21
Mafia,1260707.165865,2016,2190,2004.0,Action,0.98
Mafia,664688.287956,2017,2190,2004.0,Action,0.98
Mafia II,7702587.973541999,2016,977,2010.0,Action,3.47
Mafia II,22920059.481543,2020,977,2010.0,Action,3.47
Mario Kart 64,642061.9181340002,2016,55,1996.0,Racing,9.87
Mario Kart 8,20898630.860247,2016,97,2014.0,Racing,6.96
Mario Kart 8,117906193.05801,2017,97,2014.0,Racing,6.96
Mario Kart 8,44276583.268995,2018,97,2014.0,Racing,6.96
Mario Kart 8,22584951.990258,2019,97,2014.0,Racing,6.96
Mario Kart 8,388045154.310114,2020,97,2014.0,Racing,6.96
Mario Kart 8,3984947692.504527,2021,97,2014.0,Racing,6.96
Mario Party 10,3184645.032324,2016,987,2015.0,Misc,1.55
Mass Effect,1007790.24108,2016,423,2007.0,Role-Playing,3.61
Mass Effect,9782532.382749,2017,423,2007.0,Role-Playing,3.61
Mass Effect,1225349.262018,2018,423,2007.0,Role-Playing,3.61
Mass Effect,2312951.645088,2019,423,2007.0,Role-Playing,3.61
Mass Effect 2,2310659.8822230003,2016,386,2010.0,Role-Playing,4.99
Mass Effect 2,15185010.689541,2017,386,2010.0,Role-Playing,4.99
Mass Effect 3,3081979.575822,2016,394,2012.0,Role-Playing,5.779999999999999
Mass Effect 3,8621459.755293,2017,394,2012.0,Role-Playing,5.779999999999999
Mega Man 2,921841.44528,2016,1019,1988.0,Action,1.51
Mega Man X,1560298.459776,2016,1380,1993.0,Platform,1.16
Mega Man X,1092391.010655,2017,1380,1993.0,Platform,1.16
Mega Man X,1107417.146325,2018,1380,1993.0,Platform,1.16
Mega Man X2,967179.395637,2016,2622,1993.0,Platform,0.56
Mega Man X2,482502.642216,2017,2622,1993.0,Platform,0.56
Mega Man ZX Advent,1000460.321868,2016,3736,2007.0,Platform,0.35
Mega Man Zero 2,1156254.523872,2016,3234,2003.0,Platform,0.43
Metal Gear Solid,451782.0589800001,2016,131,1998.0,Action,6.1000000000000005
Metal Gear Solid,1156056.440112,2018,131,1998.0,Action,6.1000000000000005
Metal Gear Solid 2: Sons of Liberty,1188925.017777,2016,128,2001.0,Action,6.05
Metal Gear Solid 2: Sons of Liberty,5029214.584275,2017,128,2001.0,Action,6.05
Metal Gear Solid 3: Snake Eater,620084.80884,2016,227,2004.0,Action,4.23
Metal Gear Solid 3: Snake Eater,1905105.904611,2018,227,2004.0,Action,4.23
Metal Gear Solid 4: Guns of the Patriots,407370.891438,2016,130,2008.0,Action,6.03
Metal Gear Solid V: The Phantom Pain,8106901.467378,2016,340,2015.0,Action,5.08
Metal Gear Solid V: The Phantom Pain,2115816.053379,2017,340,2015.0,Action,5.08
Metal Gear Solid: Peace Walker,195716.990259,2016,670,2010.0,Action,2.09
Metro: Last Light,927382.27071,2016,2228,2014.0,Action,1.98
Metro: Last Light,1321915.189644,2017,2228,2014.0,Action,1.98
Metro: Last Light,10715580.337896,2019,2228,2014.0,Action,1.98
Metroid Fusion,1163220.621885,2016,884,2002.0,Action,1.68
Metroid Fusion,1875399.0024,2017,884,2002.0,Action,1.68
Metroid Prime,2436861.048636,2016,447,2002.0,Shooter,2.82
Metroid Prime,1786683.18465,2017,447,2002.0,Shooter,2.82
Microsoft Flight Simulator X,8975769.7323,2016,3254,2006.0,Simulation,0.43
Microsoft Flight Simulator X,11030903.977086,2017,3254,2006.0,Simulation,0.43
Microsoft Flight Simulator X,8986413.611742001,2018,3254,2006.0,Simulation,0.43
Microsoft Flight Simulator X,1376489.599632,2019,3254,2006.0,Simulation,0.43
Mighty No. 9,1149699.465432,2016,9165,2016.0,Platform,0.08
Mighty No. 9,1876799.4672,2017,9165,2016.0,Platform,0.08
Mike Tyson's Punch-Out!!,830127.8127659999,2016,401,1987.0,Fighting,3.02
Minecraft,15061303731.223051,2016,63,2013.0,Misc,23.73
Minecraft,9313083351.81252,2017,63,2013.0,Misc,23.73
Minecraft,4832710531.457865,2018,63,2013.0,Misc,23.73
Minecraft,71698886353.27171,2019,63,2013.0,Misc,23.73
Minecraft,550426835293.645,2020,63,2013.0,Misc,23.73
Minecraft,1247288707810.052,2021,63,2013.0,Misc,23.73
Mirror's Edge,928461.906057,2016,1371,2008.0,Platform,2.37
Mirror's Edge,1070972.65212,2017,1371,2008.0,Platform,2.37
Mirror's Edge Catalyst,4413069.29238,2016,3972,2016.0,Platform,0.52
Monopoly,323405.04655200004,2016,562,1994.0,Misc,7.7
Monopoly,2771774.824728,2017,562,1994.0,Misc,7.7
Mortal Kombat X,74487739.958541,2016,477,2015.0,Fighting,4.1000000000000005
Mortal Kombat X,3338160.419454,2017,477,2015.0,Fighting,4.1000000000000005
Mortal Kombat X,3906463.704696,2019,477,2015.0,Fighting,4.1000000000000005
NBA 2K15,6900605.923239,2016,569,2014.0,Sports,7.06
NBA 2K16,1921493355.071745,2016,269,2015.0,Sports,8.03
NBA 2K16,2149811.40591,2017,269,2015.0,Sports,8.03
NBA 2K17,603136244.856348,2016,1345,2016.0,Sports,1.93
NBA 2K17,796216615.253031,2017,1345,2016.0,Sports,1.93
NHL 16,3058541.661882,2016,2422,2015.0,Sports,1.14
NHL 17,723948.1516470001,2016,5269,2016.0,Sports,0.35
NHL 17,442438.876992,2017,5269,2016.0,Sports,0.35
Naruto Shippuden: Ultimate Ninja Storm 4,34479798.88588199,2016,1535,2016.0,Fighting,1.34
Naruto Shippuden: Ultimate Ninja Storm 4,929451.142032,2017,1535,2016.0,Fighting,1.34
New Super Mario Bros.,616442.559474,2016,6,2006.0,Platform,30.01
No Man's Sky,2523172998.4428453,2016,948,2016.0,Action,1.6
No Man's Sky,8410433.823792001,2017,948,2016.0,Action,1.6
No Man's Sky,707053068.25986,2018,948,2016.0,Action,1.6
No Man's Sky,233695113.500394,2019,948,2016.0,Action,1.6
No Man's Sky,19836063.157554,2020,948,2016.0,Action,1.6
No Man's Sky,246156271.046952,2021,948,2016.0,Action,1.6
Overlord II,904939.19145,2016,3916,2009.0,Action,0.67
Overwatch,80841918224.91954,2016,844,2016.0,Shooter,3.01
Overwatch,105949382337.23044,2017,844,2016.0,Shooter,3.01
Overwatch,172579068053.40997,2018,844,2016.0,Shooter,3.01
Overwatch,157762147476.8627,2019,844,2016.0,Shooter,3.01
Overwatch,53042873973.13915,2020,844,2016.0,Shooter,3.01
Overwatch,29862798297.038998,2021,844,2016.0,Shooter,3.01
Paper Mario,3610161.925965,2016,1127,2000.0,Role-Playing,1.38
Paper Mario,2628375.997884,2018,1127,2000.0,Role-Playing,1.38
Paper Mario: The Thousand-Year Door,341249.617632,2016,607,2004.0,Role-Playing,2.25
Paper Mario: The Thousand-Year Door,7202856.680880001,2017,607,2004.0,Role-Playing,2.25
Paper Mario: The Thousand-Year Door,1456768.626306,2019,607,2004.0,Role-Playing,2.25
Paragon,219219622.18499696,2016,11253,2016.0,Action,0.01
Paragon,117182573.479377,2017,11253,2016.0,Action,0.01
Paragon,1907737.169793,2018,11253,2016.0,Action,0.01
Persona 5,1230583.877712,2016,3817,2016.0,Role-Playing,0.44
Persona 5,196038149.183961,2017,3817,2016.0,Role-Playing,0.44
Persona 5,53062805.988969,2018,3817,2016.0,Role-Playing,0.44
Persona 5,8234879.883552,2019,3817,2016.0,Role-Playing,0.44
Pikmin,1452388.483392,2016,923,2001.0,Strategy,1.63
Pinball,756405.610884,2016,776,1984.0,Action,1.85
Portal 2,1999471.052271,2016,662,2011.0,Shooter,4.6
Portal 2,4606247.624769,2017,662,2011.0,Shooter,4.6
Portal 2,1059844.94994,2018,662,2011.0,Shooter,4.6
Portal 2,7367328.134397,2019,662,2011.0,Shooter,4.6
Portal 2,2934841.161,2020,662,2011.0,Shooter,4.6
Prison Architect,264770.64495,2016,10377,2016.0,Action,0.02
Prison Architect,627658.9419869999,2017,10377,2016.0,Action,0.02
Pro Evolution Soccer 2016,339455.63484,2016,1997,2015.0,Sports,1.5
Pro Evolution Soccer 2017,570733.060128,2016,4309,2016.0,Sports,0.37
Puzzle & Dragons,4025325.647007,2016,1018,2013.0,Role-Playing,1.51
Puzzle & Dragons,522842.526108,2017,1018,2013.0,Role-Playing,1.51
Quantum Break,33473102.269026,2016,2852,2016.0,Action,0.51
RPG Maker,996435.089538,2016,2889,1997.0,Role-Playing,0.5
RPG Maker,335634.19537200005,2017,2889,1997.0,Role-Playing,0.5
Ratchet & Clank,13358598.92073,2016,348,2002.0,Platform,3.33
Rayman Legends,1693945.7619,2016,1604,2014.0,Platform,3.3600000000000003
ReCore,2137436.05992,2016,7380,2016.0,Action,0.1
Red Dead Redemption,5667402.372029999,2016,111,2010.0,Action,12.94
Red Dead Redemption,11420172.441594,2018,111,2010.0,Action,12.94
Resident Evil,10233722.177595,2016,175,1996.0,Action,5.34
Resident Evil,952560.19908,2017,175,1996.0,Action,5.34
Resident Evil,7041017.754225,2019,175,1996.0,Action,5.34
Resident Evil,24116483.893698003,2021,175,1996.0,Action,5.34
Resident Evil 2,604614.751062,2016,137,1998.0,Action,6.44
Resident Evil 2,532050.534855,2017,137,1998.0,Action,6.44
Resident Evil 2,4318079.076905999,2018,137,1998.0,Action,6.44
Resident Evil 2,7326375469.435513,2019,137,1998.0,Action,6.44
Resident Evil 2,111627595.422084,2020,137,1998.0,Action,6.44
Resident Evil 2,56949927.918471,2021,137,1998.0,Action,6.44
Resident Evil 3: Nemesis,348011.843928,2016,287,1999.0,Action,3.8
Resident Evil 3: Nemesis,2168902.83225,2019,287,1999.0,Action,3.8
Resident Evil 4,3097612.453404,2016,304,2005.0,Action,7.6
Resident Evil 4,3538824.788184,2017,304,2005.0,Action,7.6
Resident Evil 4,16513252.542003,2018,304,2005.0,Action,7.6
Resident Evil 4,2471204.687931,2019,304,2005.0,Action,7.6
Resident Evil 4,4787628.444837,2020,304,2005.0,Action,7.6
Resident Evil 4,18794735.632638,2021,304,2005.0,Action,7.6
Resident Evil 5,2023146.635181,2016,172,2009.0,Action,8.69
Resident Evil 5,3926145.486879,2017,172,2009.0,Action,8.69
Resident Evil Zero,4176599.013006,2016,1216,2002.0,Action,1.74
Resident Evil: Revelations 2,1659345.0079920003,2016,2711,2015.0,Action,1.1800000000000002
Rise of the Tomb Raider,17152622.39775,2016,1212,2015.0,Adventure,1.8
Rise of the Tomb Raider,1711360.4786039998,2018,1212,2015.0,Adventure,1.8
Rock Band 4,1311638.522166,2016,3226,2015.0,Misc,0.8
Rock Band 4,1188249.372366,2017,3226,2015.0,Misc,0.8
Rocket League,931492302.886908,2016,4923,2016.0,Sports,0.37
Rocket League,3060529808.835828,2017,4923,2016.0,Sports,0.37
Rocket League,4888556016.262107,2018,4923,2016.0,Sports,0.37
Rocket League,6339925764.827929,2019,4923,2016.0,Sports,0.37
Rocket League,44254778385.865616,2020,4923,2016.0,Sports,0.37
Rocket League,73753154153.74817,2021,4923,2016.0,Sports,0.37
RollerCoaster Tycoon 2,301910.119812,2016,1267,2002.0,Strategy,1.25
RollerCoaster Tycoon World,649328.201361,2016,10615,2016.0,Simulation,0.02
S.T.A.L.K.E.R.: Call of Pripyat,305571.720195,2016,8498,2009.0,Shooter,0.06
S.T.A.L.K.E.R.: Call of Pripyat,2556477.5702130003,2017,8498,2009.0,Shooter,0.06
Secret of Mana,1519967.9754,2016,786,1993.0,Role-Playing,1.83
Secret of Mana,4353117.239499001,2018,786,1993.0,Role-Playing,1.83
Shadow of the Colossus,427924.809921,2016,1409,2005.0,Action,1.18
Shadow of the Colossus,221633707.591296,2018,1409,2005.0,Action,1.18
Sid Meier's Civilization V,30845741.198076,2016,874,2010.0,Strategy,1.69
Sid Meier's Civilization V,14226114.049623,2017,874,2010.0,Strategy,1.69
Sid Meier's Civilization V,9941588.689935,2018,874,2010.0,Strategy,1.69
Sid Meier's Civilization V,13253046.109548,2019,874,2010.0,Strategy,1.69
Silent Hill,615709.412997,2016,946,1999.0,Action,1.6
Silent Hill 2,941501.6369639998,2016,1231,2001.0,Action,1.28
Silent Hill 2,1042909.198506,2018,1231,2001.0,Action,1.28
Silent Hill 3,442622.451432,2016,2146,2003.0,Action,0.71
Silent Hill: Downpour,960945.261276,2016,2996,2012.0,Action,0.8
Sonic Advance,726714.9528029999,2016,609,2001.0,Platform,2.24
Sonic the Hedgehog,1316668.58799,2016,218,1991.0,Platform,7.05
South Park: The Stick of Truth,4397723.336601,2016,1647,2014.0,Role-Playing,2.13
South Park: The Stick of Truth,4903164.94563,2017,1647,2014.0,Role-Playing,2.13
Splatoon,4955982.907806001,2016,202,2015.0,Shooter,4.57
Spyro: Year of the Dragon,583293.8888490001,2016,288,2000.0,Platform,3.71
Spyro: Year of the Dragon,1488801.8298719998,2017,288,2000.0,Platform,3.71
Star Wars: Knights of the Old Republic,800973.274059,2016,626,2003.0,Role-Playing,2.33
Star Wars: Knights of the Old Republic,4165630.5033,2020,626,2003.0,Role-Playing,2.33
Star Wars: The Old Republic,2038240.349586,2016,414,2011.0,Role-Playing,2.97
Star Wars: The Old Republic,1143195.741597,2017,414,2011.0,Role-Playing,2.97
Star Wars: The Old Republic,43261969.657452,2021,414,2011.0,Role-Playing,2.97
Stellaris,43742330.850204,2016,10041,2016.0,Strategy,0.03
Stellaris,5578636.56021,2017,10041,2016.0,Strategy,0.03
Stellaris,12974892.351708,2018,10041,2016.0,Strategy,0.03
Stellaris,3019853.285568,2019,10041,2016.0,Strategy,0.03
Stellaris,6705413.539523999,2020,10041,2016.0,Strategy,0.03
Street Fighter V,2631379099.5761013,2016,1908,2016.0,Fighting,0.87
Street Fighter V,1337796816.143592,2017,1908,2016.0,Fighting,0.87
Street Fighter V,1766942868.731691,2018,1908,2016.0,Fighting,0.87
Street Fighter V,994918418.300898,2019,1908,2016.0,Fighting,0.87
Street Fighter V,833563808.946687,2020,1908,2016.0,Fighting,0.87
Street Fighter V,1075514797.8528872,2021,1908,2016.0,Fighting,0.87
Super Mario 3D World,599477.6632320001,2016,223,2013.0,Platform,4.25
Super Mario 3D World,3025309.9884840003,2018,223,2013.0,Platform,4.25
Super Mario 3D World,25439914.6449,2021,223,2013.0,Platform,4.25
Super Mario 64,44799134.015832,2016,41,1996.0,Platform,22.31
Super Mario 64,165109900.327659,2017,41,1996.0,Platform,22.31
Super Mario 64,52440452.348298,2018,41,1996.0,Platform,22.31
Super Mario 64,130219135.56666,2019,41,1996.0,Platform,22.31
Super Mario 64,863179592.770026,2020,41,1996.0,Platform,22.31
Super Mario 64,1039148642.021469,2021,41,1996.0,Platform,22.31
Super Mario Bros.,1326517.987536,2016,1,1985.0,Platform,45.31
Super Mario Bros.,1202431.5072,2017,1,1985.0,Platform,45.31
Super Mario Bros. 3,6300984.286548,2016,22,1988.0,Platform,22.48
Super Mario Bros. 3,1545835.4907449998,2017,22,1988.0,Platform,22.48
Super Mario Bros. 3,2991485.2308599995,2018,22,1988.0,Platform,22.48
Super Mario Bros. 3,3125156.883408,2020,22,1988.0,Platform,22.48
Super Mario Galaxy,5806751.269158,2016,43,2007.0,Platform,11.52
Super Mario Galaxy,2735763.843771,2018,43,2007.0,Platform,11.52
Super Mario Galaxy 2,758672.31363,2016,82,2010.0,Platform,7.69
Super Mario Galaxy 2,9518589.683757002,2017,82,2010.0,Platform,7.69
Super Mario Galaxy 2,6532934.139963001,2019,82,2010.0,Platform,7.69
Super Mario Maker,763218145.786824,2016,371,2015.0,Platform,3.18
Super Mario Maker,209909983.284561,2017,371,2015.0,Platform,3.18
Super Mario Maker,226207718.26695,2018,371,2015.0,Platform,3.18
Super Mario Maker,192121745.09682,2019,371,2015.0,Platform,3.18
Super Mario RPG: Legend of the Seven Stars,5036820.748322999,2016,643,1996.0,Role-Playing,2.14
Super Mario RPG: Legend of the Seven Stars,367616.663631,2017,643,1996.0,Role-Playing,2.14
Super Mario RPG: Legend of the Seven Stars,5406544.149447,2019,643,1996.0,Role-Playing,2.14
Super Mario Sunshine,13690166.784546,2016,121,2002.0,Platform,6.31
Super Mario Sunshine,11011607.937792,2017,121,2002.0,Platform,6.31
Super Mario Sunshine,8416070.915406,2018,121,2002.0,Platform,6.31
Super Mario Sunshine,3776799.699813,2019,121,2002.0,Platform,6.31
Super Mario Sunshine,25791066.258363,2020,121,2002.0,Platform,6.31
Super Mario World,5803981.834245,2016,18,1990.0,Platform,26.07
Super Mario World,7493094.02121,2017,18,1990.0,Platform,26.07
Super Mario World,38392174.349928,2018,18,1990.0,Platform,26.07
Super Mario World,79418464.86861,2019,18,1990.0,Platform,26.07
Super Mario World,136105249.677789,2020,18,1990.0,Platform,26.07
Super Mario World,210289432.487904,2021,18,1990.0,Platform,26.07
Super Metroid,10730154.744813,2016,1104,1994.0,Action,1.42
Super Metroid,15085872.843006,2017,1104,1994.0,Action,1.42
Super Metroid,4555606.770288,2018,1104,1994.0,Action,1.42
Super Metroid,5680640.265552,2019,1104,1994.0,Action,1.42
Super Metroid,21048248.17662,2020,1104,1994.0,Action,1.42
Super Monkey Ball: Banana Blitz,850028.2756350001,2016,602,2006.0,Misc,2.27
Super Smash Bros. Melee,572271118.765164,2016,96,2001.0,Fighting,7.07
Super Smash Bros. Melee,490629086.19186,2017,96,2001.0,Fighting,7.07
Super Smash Bros. Melee,385175995.279425,2018,96,2001.0,Fighting,7.07
Super Smash Bros. Melee,238356878.609409,2019,96,2001.0,Fighting,7.07
Super Smash Bros. Melee,388382958.16926897,2020,96,2001.0,Fighting,7.07
Super Smash Bros. Melee,374560694.592693,2021,96,2001.0,Fighting,7.07
TERA,1515413.137119,2016,3345,,Role-Playing,0.41
TERA,1008568.808037,2017,3345,,Role-Playing,0.41
TERA,6413704.481016,2018,3345,,Role-Playing,0.41
TMNT,831583.5076080001,2016,2675,2007.0,Action,1.12
Tales of Berseria,1800573.2090220004,2016,5047,2016.0,Role-Playing,0.33
Tales of Berseria,1563033.782016,2017,5047,2016.0,Role-Playing,0.33
Terraria,18669696.899322,2016,2123,2013.0,Action,1.68
Terraria,12669493.74978,2017,2123,2013.0,Action,1.68
Terraria,210177132.259395,2018,2123,2013.0,Action,1.68
Terraria,55173480.065508,2019,2123,2013.0,Action,1.68
Terraria,4509900434.541516,2020,2123,2013.0,Action,1.68
Terraria,752758507.803498,2021,2123,2013.0,Action,1.68
The Elder Scrolls III: Morrowind,6164307.469949999,2016,437,2002.0,Role-Playing,2.86
The Elder Scrolls IV: Oblivion,1791347.962572,2016,214,2006.0,Role-Playing,7.77
The Elder Scrolls IV: Oblivion,16144786.483854,2018,214,2006.0,Role-Playing,7.77
The Elder Scrolls IV: Oblivion,2139838.519434,2019,214,2006.0,Role-Playing,7.77
The Elder Scrolls IV: Oblivion,6575026.623543,2020,214,2006.0,Role-Playing,7.77
The Elder Scrolls Online,35805320.083134,2016,850,2015.0,Role-Playing,3.89
The Elder Scrolls Online,71075224.636227,2017,850,2015.0,Role-Playing,3.89
The Elder Scrolls Online,408113591.892174,2018,850,2015.0,Role-Playing,3.89
The Elder Scrolls Online,1537000052.963571,2019,850,2015.0,Role-Playing,3.89
The Elder Scrolls Online,2725398434.736978,2020,850,2015.0,Role-Playing,3.89
The Elder Scrolls Online,1213166866.611378,2021,850,2015.0,Role-Playing,3.89
The Elder Scrolls V: Skyrim,433383028.74552,2016,66,2011.0,Role-Playing,19.28
The Elder Scrolls V: Skyrim,125508164.764164,2017,66,2011.0,Role-Playing,19.28
The Elder Scrolls V: Skyrim,190123518.31336495,2018,66,2011.0,Role-Playing,19.28
The Elder Scrolls V: Skyrim,234838498.178571,2019,66,2011.0,Role-Playing,19.28
The Elder Scrolls V: Skyrim,354844545.85513496,2020,66,2011.0,Role-Playing,19.28
The Elder Scrolls V: Skyrim,280119429.557499,2021,66,2011.0,Role-Playing,19.28
The Evil Within,1701112.861308,2016,794,2014.0,Action,4.15
The Evil Within,25016587.933113,2017,794,2014.0,Action,4.15
The Evil Within,1869772.903173,2018,794,2014.0,Action,4.15
The King of Fighters XIV,3839162.775861,2016,7401,2016.0,Fighting,0.09
The King of Fighters XIV,751854.715353,2017,7401,2016.0,Fighting,0.09
The Last of Us,13627161.86034,2016,132,2013.0,Action,10.54
The Last of Us,14953070.487978,2017,132,2013.0,Action,10.54
The Last of Us,42067400.372256,2018,132,2013.0,Action,10.54
The Last of Us,18277725.790086,2019,132,2013.0,Action,10.54
The Last of Us,948292144.2745593,2020,132,2013.0,Action,10.54
The Legend of Zelda: A Link Between Worlds,940626.851136,2016,391,2013.0,Action,3.07
The Legend of Zelda: A Link Between Worlds,7049824.864151999,2019,391,2013.0,Action,3.07
The Legend of Zelda: A Link to the Past,7842400.443444001,2016,198,1991.0,Action,7.31
The Legend of Zelda: A Link to the Past,71819373.987942,2017,198,1991.0,Action,7.31
The Legend of Zelda: A Link to the Past,118831944.244587,2018,198,1991.0,Action,7.31
The Legend of Zelda: A Link to the Past,54904332.179508,2019,198,1991.0,Action,7.31
The Legend of Zelda: A Link to the Past,53722923.352224,2020,198,1991.0,Action,7.31
The Legend of Zelda: A Link to the Past,13195467.450227998,2021,198,1991.0,Action,7.31
The Legend of Zelda: Four Swords Adventures,1951257.007728,2016,1932,2004.0,Action,0.81
The Legend of Zelda: Four Swords Adventures,3819633.6885,2018,1932,2004.0,Action,0.81
The Legend of Zelda: Link's Awakening DX,1556076.1845719998,2016,616,1998.0,Adventure,2.22
The Legend of Zelda: Majora's Mask,39713334.250611,2016,343,2000.0,Action,3.36
The Legend of Zelda: Majora's Mask,20237677.034694,2017,343,2000.0,Action,3.36
The Legend of Zelda: Majora's Mask,4004789.076624,2018,343,2000.0,Action,3.36
The Legend of Zelda: Majora's Mask,40187284.437237,2019,343,2000.0,Action,3.36
The Legend of Zelda: Majora's Mask,2919245.2191000003,2020,343,2000.0,Action,3.36
The Legend of Zelda: Majora's Mask,14098988.134854,2021,343,2000.0,Action,3.36
The Legend of Zelda: Ocarina of Time,155999673.673179,2016,85,1998.0,Action,11.81
The Legend of Zelda: Ocarina of Time,77040836.27366701,2017,85,1998.0,Action,11.81
The Legend of Zelda: Ocarina of Time,172106096.111334,2018,85,1998.0,Action,11.81
The Legend of Zelda: Ocarina of Time,172745646.860451,2019,85,1998.0,Action,11.81
The Legend of Zelda: Ocarina of Time,216148462.887252,2020,85,1998.0,Action,11.81
The Legend of Zelda: Ocarina of Time,106165914.736896,2021,85,1998.0,Action,11.81
The Legend of Zelda: Oracle of Ages,1163613.08322,2016,738,2001.0,Action,1.92
The Legend of Zelda: The Wind Waker,1281937.928355,2016,199,2002.0,Action,6.369999999999999
The Legend of Zelda: The Wind Waker,1422933.5544480002,2019,199,2002.0,Action,6.369999999999999
The Legend of Zelda: The Wind Waker,3331147.292319,2020,199,2002.0,Action,6.369999999999999
The Legend of Zelda: Twilight Princess HD,12025585.662615,2016,1704,2016.0,Action,0.94
The Legend of Zelda: Twilight Princess HD,9083602.667349,2017,1704,2016.0,Action,0.94
The Sims 4,16904001.162174,2016,413,2014.0,Simulation,2.97
The Sims 4,75509002.529058,2017,413,2014.0,Simulation,2.97
The Sims 4,155898933.303792,2018,413,2014.0,Simulation,2.97
The Sims 4,202153481.248572,2019,413,2014.0,Simulation,2.97
The Sims 4,652304163.98511,2020,413,2014.0,Simulation,2.97
The Sims 4,1029392949.972429,2021,413,2014.0,Simulation,2.97
The Walking Dead: Season One,5610639.436143001,2016,1962,2012.0,Adventure,2.36
The Walking Dead: Season One,545329.669542,2017,1962,2012.0,Adventure,2.36
The Walking Dead: Season Two,862374.4452750001,2016,4852,2014.0,Adventure,0.87
The Witcher 3: Wild Hunt,176480042.85176998,2016,286,2015.0,Role-Playing,5.64
The Witcher 3: Wild Hunt,150504820.550469,2017,286,2015.0,Role-Playing,5.64
The Witcher 3: Wild Hunt,219822978.331404,2018,286,2015.0,Role-Playing,5.64
The Witcher 3: Wild Hunt,213915340.811109,2019,286,2015.0,Role-Playing,5.64
The Witcher 3: Wild Hunt,1323584688.589548,2020,286,2015.0,Role-Playing,5.64
The Witcher 3: Wild Hunt,121211971.466691,2021,286,2015.0,Role-Playing,5.64
Tom Clancy's The Division,10998288320.38316,2016,305,2016.0,Shooter,5.989999999999999
Tom Clancy's The Division,338255977.704036,2017,305,2016.0,Shooter,5.989999999999999
Tom Clancy's The Division,117624932.933613,2018,305,2016.0,Shooter,5.989999999999999
Tom Clancy's The Division,18388744.514448,2019,305,2016.0,Shooter,5.989999999999999
Tony Hawk's Pro Skater,947076.9377999998,2016,176,1999.0,Sports,8.459999999999999
TrackMania Turbo,5896290.932405999,2016,3943,2016.0,Action,0.39
Transformers: Devastation,1529473.519833,2016,5054,2015.0,Action,0.58
Trials Fusion,1582404.291972,2016,3224,2014.0,Racing,0.7
Trials Fusion,656598.742758,2017,3224,2014.0,Racing,0.7
Trials Fusion,1389405.2916239998,2018,3224,2014.0,Racing,0.7
Ultimate Marvel vs. Capcom 3,7034747.220396001,2016,3844,2011.0,Fighting,0.5
Ultimate Marvel vs. Capcom 3,5867907.027843,2017,3844,2011.0,Fighting,0.5
Ultra Street Fighter IV,2810399.29695,2016,7323,2015.0,Fighting,0.1
Uncharted 2: Among Thieves,265066.3512,2016,108,2009.0,Action,6.73
Uncharted 4: A Thief's End,463814480.9295271,2016,232,2016.0,Shooter,4.2
Uncharted 4: A Thief's End,2138885.036316,2017,232,2016.0,Shooter,4.2
Uncharted: The Nathan Drake Collection,1153624.394202,2016,208,2015.0,Action,4.47
Until Dawn,5727792.464436,2016,921,2015.0,Adventure,1.64
Until Dawn,5994620.81484,2017,921,2015.0,Adventure,1.64
Until Dawn,4412722.078044,2018,921,2015.0,Adventure,1.64
Until Dawn,1913076.299904,2019,921,2015.0,Adventure,1.64
Until Dawn,17883334.163541,2020,921,2015.0,Adventure,1.64
WWE 2K16,5225887.849119,2016,1325,2015.0,Sports,2.86
Wolfenstein: The New Order,1464046.958577,2016,955,2014.0,Shooter,3.63
Wolfenstein: The New Order,3563662.741107,2017,955,2014.0,Shooter,3.63
World of Tanks,6061519105.613349,2016,4238,2011.0,Shooter,0.3299999999999999
World of Tanks,4026751837.966872,2017,4238,2011.0,Shooter,0.3299999999999999
World of Tanks,2454041972.282502,2018,4238,2011.0,Shooter,0.3299999999999999
World of Tanks,2632734568.893009,2019,4238,2011.0,Shooter,0.3299999999999999
World of Tanks,4677749094.31977,2020,4238,2011.0,Shooter,0.3299999999999999
World of Tanks,5424669531.430233,2021,4238,2011.0,Shooter,0.3299999999999999
World of Warcraft,50675447375.98214,2016,123,2004.0,Role-Playing,6.28
World of Warcraft,34506068938.19654,2017,123,2004.0,Role-Playing,6.28
World of Warcraft,173689122963.35754,2018,123,2004.0,Role-Playing,6.28
World of Warcraft,441731957218.7497,2019,123,2004.0,Role-Playing,6.28
World of Warcraft,448670983145.2932,2020,123,2004.0,Role-Playing,6.28
World of Warcraft,258014345341.15347,2021,123,2004.0,Role-Playing,6.28
XCOM 2,935557357.591206,2016,5261,2016.0,Strategy,0.26
XCOM 2,70219884.97167,2017,5261,2016.0,Strategy,0.26
XCOM 2,98870577.732108,2021,5261,2016.0,Strategy,0.26
Yakuza Kiwami,10263570.403737,2016,5976,2016.0,Adventure,0.28
Yakuza Kiwami,1695165.96417,2017,5976,2016.0,Adventure,0.28
Yakuza Kiwami,2422720.454616,2018,5976,2016.0,Adventure,0.28
Zelda II: The Adventure of Link,698665.3934399999,2016,215,1987.0,Adventure,4.38
Zero Escape: Zero Time Dilemma,2198279.678973,2016,8484,2016.0,Adventure,0.12
Assassin's Creed II,2472688.660176,2017,141,2009.0,Action,11.41
Batman: Arkham City,2242736.424705,2017,144,2011.0,Action,11.2
Bayonetta,3448433.806356,2017,1291,2009.0,Action,2.17
Brothers: A Tale of Two Sons,1406437.782372,2017,6536,2015.0,Adventure,0.17
Call of Duty 2,762247.8989789999,2017,702,2005.0,Shooter,2.08
Call of Duty: Ghosts,74408712.88116,2017,53,2013.0,Shooter,27.38
Call of Duty: Ghosts,1964546.78784,2018,53,2013.0,Shooter,27.38
Chrono Trigger,6291081.423312,2017,589,1995.0,Role-Playing,3.78
Chrono Trigger,15748196.427222,2019,589,1995.0,Role-Playing,3.78
Crash Bandicoot 2: Cortex Strikes Back,1006968.698148,2017,86,1997.0,Platform,7.58
Devil May Cry,1916007.182544,2017,411,2001.0,Action,2.99
Digimon World: Next Order,551669.390748,2017,7431,2016.0,Action,0.09
Duke Nukem Forever,693069.542991,2017,1877,2011.0,Shooter,2.02
EarthBound,11188112.159637,2017,1938,1994.0,Role-Playing,0.81
Fallout 3,1646475.887763,2017,181,2008.0,Role-Playing,9.96
Fallout 3,1530139.040262,2018,181,2008.0,Role-Playing,9.96
Final Fantasy,9686869.77069,2017,1874,1987.0,Role-Playing,1.35
God of War Collection,3689632.767744001,2017,498,2009.0,Action,2.96
God of War Collection,1349428.8819690002,2018,498,2009.0,Action,2.96
God of War III,1143398.509344,2017,187,2010.0,Action,5.47
God of War III,44847547.87894501,2018,187,2010.0,Action,5.47
Grand Theft Auto: Vice City,1522261.7096399998,2017,23,2002.0,Action,16.189999999999998
Grand Theft Auto: Vice City,2712252.7523910003,2019,23,2002.0,Action,16.189999999999998
Halo 2,2589281.67603,2017,70,2004.0,Shooter,8.59
Halo: Combat Evolved,1373911.041132,2017,116,2001.0,Shooter,6.47
Kingdom Hearts II,4833656.281818,2017,219,2005.0,Role-Playing,5.65
Kirby Super Star,1539510.7362179998,2017,1089,1996.0,Platform,1.44
Kirby's Dream Land 3,2494884.749805,2017,3661,1997.0,Platform,0.36
Kirby: Planet Robobot,1315606.647705,2017,1862,2016.0,Action,0.85
Left 4 Dead,1497414.8618729997,2017,320,2008.0,Shooter,3.54
Luigi's Mansion,1049384.392602,2017,310,2001.0,Action,3.6
Mega Man,4576366.500321,2017,1937,1987.0,Platform,0.81
Mega Man Legends,1293651.60204,2017,1894,1997.0,Adventure,0.83
Mega Man Network Transmission,1133779.366398,2017,5798,2003.0,Platform,0.17
Metro 2033,487962.578187,2017,2693,2010.0,Shooter,0.79
Metro 2033,4112294.87382,2019,2693,2010.0,Shooter,0.79
Metroid Prime 2: Echoes,1870112.705139,2017,1176,2004.0,Shooter,1.33
Mount & Blade: Warband,10003076.58588,2017,10629,2010.0,Role-Playing,0.02
Mount & Blade: Warband,24328085.198592,2018,10629,2010.0,Role-Playing,0.02
Mount & Blade: Warband,24342073.965195,2019,10629,2010.0,Role-Playing,0.02
Mount & Blade: Warband,34823176.232208,2020,10629,2010.0,Role-Playing,0.02
Onimusha: Warlords,1712169.1524,2017,476,2001.0,Action,2.7
Onimusha: Warlords,2484597.72078,2019,476,2001.0,Action,2.7
Power Rangers Samurai,427852.515657,2017,3788,2011.0,Action,0.68
Prey,240029826.546489,2017,3933,2006.0,Shooter,0.35
Prey,5399676.083969999,2018,3933,2006.0,Shooter,0.35
Prince of Persia: The Sands of Time,1033751.246913,2017,614,2003.0,Action,3.63
Resident Evil 6,3675928.651920001,2017,377,2012.0,Shooter,5.28
Rocket: Robot on Wheels,966989.292003,2017,6733,1999.0,Platform,0.12
Shovel Knight,1381444.4693280002,2017,6440,2015.0,Platform,0.32
Silent Hill 4: The Room,1775635.741089,2017,2858,2004.0,Action,0.69
Sly Cooper and the Thievius Raccoonus,1878054.8388,2017,1312,2002.0,Platform,1.21
Sonic Advance 2,1428583.70445,2017,798,2002.0,Platform,1.8
StarCraft,231238792.04710203,2017,9031,1998.0,Strategy,0.05
StarCraft,137181451.709631,2018,9031,1998.0,Strategy,0.05
StarCraft,110917513.890645,2019,9031,1998.0,Strategy,0.05
StarCraft,152528151.438243,2020,9031,1998.0,Strategy,0.05
StarCraft,2279191735.229556,2021,9031,1998.0,Strategy,0.05
Super Castlevania IV,1128701.29365,2017,2369,1991.0,Platform,0.63
Super Monkey Ball Deluxe,1775439.4236810002,2017,4772,2005.0,Misc,0.39
The Legend of Zelda: Skyward Sword,733844.7380250001,2017,243,2011.0,Action,4.1
The Legend of Zelda: Skyward Sword,7538704.226339999,2018,243,2011.0,Action,4.1
The Legend of Zelda: Skyward Sword,5358914.136576001,2020,243,2011.0,Action,4.1
The Legend of Zelda: The Minish Cap,2471993.7268320005,2017,1102,2004.0,Action,1.42
The Legend of Zelda: The Minish Cap,3724347.451356,2019,1102,2004.0,Action,1.42
The Witcher,2802601.688733,2017,8508,2007.0,Role-Playing,0.06
The Witcher,2475970.132146,2018,8508,2007.0,Role-Playing,0.06
The Witcher,12055893.660719998,2020,8508,2007.0,Role-Playing,0.06
The Witcher 2: Assassins of Kings,1693182.3824160004,2017,1677,2011.0,Action,1.9
The Witcher 2: Assassins of Kings,5892544.846776,2020,1677,2011.0,Action,1.9
This War of Mine,1447288.7728319997,2017,10849,2016.0,Action,0.02
Tomb Raider II,1452899.211456,2017,158,1997.0,Action,7.53
Trauma Center: New Blood,1245614.460804,2017,4095,2007.0,Simulation,0.3
Tropico 5,680922.892272,2017,4131,2015.0,Simulation,0.49
Vanquish,867830.18616,2017,2394,2010.0,Shooter,1.04
Worms Armageddon,483482.888721,2017,1529,1999.0,Strategy,1.1
Ys VIII: Lacrimosa of Dana,902297.4227819998,2017,7664,2016.0,Role-Playing,0.09
Banjo-Tooie,1622315.93013,2018,1037,2000.0,Platform,1.49
Borderlands: The Pre-Sequel,1809074.203839,2018,2072,2014.0,Shooter,1.71
Devil May Cry HD Collection,1185663.30687,2018,1868,2012.0,Action,1.28
F-Zero GX,2088046.618518,2018,2303,2003.0,Racing,0.65
Final Fantasy XI,13902952.586166002,2018,3940,,Role-Playing,0.51
Final Fantasy XI,2356497.268608,2019,3940,,Role-Playing,0.51
Fire Emblem: The Sacred Stones,1163007.00369,2018,1784,2004.0,Strategy,0.89
God of War,9383026460.449718,2018,209,2005.0,Action,4.45
God of War,52955087.882571004,2019,209,2005.0,Action,4.45
God of War,110594717.368128,2020,209,2005.0,Action,4.45
God of War,138755161.38621902,2021,209,2005.0,Action,4.45
God of War II,6300107.844765001,2018,248,2007.0,Action,4.07
Grand Theft Auto IV,4626421.4621520005,2018,46,2008.0,Action,22.47
Grand Theft Auto IV,8431664.365488,2020,46,2008.0,Action,22.47
Halo: The Master Chief Collection,13152593.22972,2018,378,2014.0,Shooter,3.15
Halo: The Master Chief Collection,581839596.884763,2019,378,2014.0,Shooter,3.15
Halo: The Master Chief Collection,288436919.50038,2020,378,2014.0,Shooter,3.15
Halo: The Master Chief Collection,227463760.923,2021,378,2014.0,Shooter,3.15
Katamari Damacy,2581975.192524,2018,2106,2004.0,Puzzle,0.73
LittleBigPlanet 2,1223999.343273,2018,332,2011.0,Platform,3.42
Mario & Luigi: Superstar Saga,1810281.726225,2018,634,2003.0,Role-Playing,2.17
Mario & Luigi: Superstar Saga,2726618.193558,2020,634,2003.0,Role-Playing,2.17
Mega Man Zero 3,1302915.424356,2018,5018,2004.0,Platform,0.22
Metroid Prime 3: Corruption,4831702.1602920005,2018,792,2007.0,Shooter,1.82
Ninja Gaiden Black,2594288.96853,2018,7447,2005.0,Action,0.09
Pillars of Eternity,11575213.783371,2018,11004,2014.0,Role-Playing,0.02
Professor Layton and the Curious Village,1113875.702016,2018,157,2007.0,Puzzle,5.26
Puyo Puyo Tetris,4019150.24385,2018,6883,2014.0,Puzzle,0.22
Rayman,1461519.4665749995,2018,398,1995.0,Platform,3.03
S.T.A.L.K.E.R.: Clear Sky,1380005.55483,2018,9577,2008.0,Shooter,0.04
Shenmue,2670093.305145,2018,1351,1999.0,Adventure,1.18
Sonic Advance 3,2690980.843362,2018,1116,2004.0,Platform,1.4
Super Mario World 2: Yoshi's Island,2482377.7948200004,2018,241,1995.0,Platform,7.03
Super Monkey Ball,1233251.1954000003,2018,1064,2001.0,Puzzle,1.46
The Legend of Zelda: Majora's Mask 3D,2802292.9398660003,2018,582,2015.0,Action,2.32
The Legend of Zelda: Oracle of Seasons,2060876.592054,2018,762,2001.0,Adventure,1.86
The Simpsons: Hit & Run,1899624.8355,2018,192,2003.0,Racing,7.04
Yakuza 3,11116906.741248,2018,1429,2009.0,Action,1.13
Yu-Gi-Oh! Forbidden Memories,2505396.98871,2018,753,1999.0,Role-Playing,1.88
Borderlands,68870269.376832,2019,330,2009.0,Shooter,5.73
Catherine,6768021.602286001,2019,2131,2011.0,Adventure,1.04
Final Fantasy VIII,6454746.899874,2019,78,1999.0,Role-Playing,7.86
Final Fantasy VIII,24673227.9822,2020,78,1999.0,Role-Playing,7.86
Halo: Reach,6488518.06764,2019,54,2010.0,Shooter,9.88
LEGO Star Wars: The Complete Saga,1848679.8530550003,2019,136,2007.0,Action,15.75
Mario Kart DS,2491903.873095,2019,11,2005.0,Racing,23.42
MediEvil,1954364.904072,2019,1902,1998.0,Platform,0.83
Monster Rancher 2,2127026.41137,2019,1555,1998.0,Simulation,1.05
New Super Mario Bros. U,5581089.73926,2019,162,2012.0,Platform,5.19
Phoenix Wright: Ace Attorney Trilogy,1735266.7912440002,2019,10929,2014.0,Adventure,0.02
Punch-Out!!,2826893.223819,2019,4204,2007.0,Sports,0.29
Tales of Vesperia,6986611.478867999,2019,2066,2008.0,Role-Playing,1.2
Tetris,78105320.988723,2019,5,1989.0,Puzzle,35.84
The Legend of Zelda: Link's Awakening,159950620.729284,2019,273,1992.0,Action,3.83
The Legend of Zelda: Link's Awakening,3921228.42027,2020,273,1992.0,Action,3.83
The Legend of Zelda: Twilight Princess,13627942.20942,2019,91,2006.0,Action,8.9
Trauma Center: Under the Knife 2,2230680.015648,2019,6986,2008.0,Simulation,0.11
Yakuza 4,6973585.326792001,2019,1657,,Action,0.97
Yakuza 5,22933133.025474,2019,2498,2012.0,Action,0.59
Yakuza 5,7577638.157124001,2020,2498,2012.0,Action,0.59
Barbie Horse Adventures: Wild Horse Rescue,10011766.154544,2020,2925,2003.0,Sports,0.55
Destroy All Humans!,25842984.895035,2020,1700,2005.0,Shooter,1.4
Diablo II,80750031.12170401,2020,6496,2000.0,Role-Playing,0.13
Diablo II,209923444.826634,2021,6496,2000.0,Role-Playing,0.13
Donkey Kong Country 3: Dixie Kong's Double Trouble!,3754411.172442,2020,321,1996.0,Platform,3.51
Kingdoms of Amalur: Reckoning,33004279.108332,2020,1794,2012.0,Role-Playing,2.07
Max Payne 3,29777718.038376004,2020,749,2012.0,Shooter,3.99
Max Payne 3,12875533.096104,2021,749,2012.0,Shooter,3.99
Microsoft Flight Simulator,1058581334.696361,2020,170,1996.0,Simulation,5.12
Microsoft Flight Simulator,49005016.558554,2021,170,1996.0,Simulation,5.12
NCAA Football 14,37799837.984748,2020,1504,2013.0,Sports,1.87
Phantasy Star Online 2,32821112.380224004,2020,5840,2013.0,Role-Playing,0.16
Phantasy Star Online 2,14799104.996508,2021,5840,2013.0,Role-Playing,0.16
The Legend of Zelda,6079326.855839999,2020,114,1986.0,Action,6.51
Wasteland 2,5810978.370288,2020,7231,2015.0,Role-Playing,0.25
Yakuza,89871847.22170201,2020,1944,2005.0,Action,0.91
The Movies,56303001.16728,2021,9439,2005.0,Simulation,0.04
